2024-11-01 01:51:42,dynamic,cars
2024-11-01 01:51:52,dynamic,cars
2024-11-01 01:52:06,dynamic,cars
2024-11-01 01:52:09,dynamic,cars
2024-11-01 01:52:13,dynamic,cars
2024-11-01 01:52:16,dynamic,cars
2024-11-01 01:52:19,dynamic,cars
2024-11-01 01:52:22,dynamic,cars
2024-11-01 01:52:26,dynamic,cars
2024-11-01 01:52:29,dynamic,cars
2024-11-01 01:52:32,dynamic,cars
2024-11-01 01:52:36,dynamic,cars
2024-11-01 01:52:39,dynamic,cars
2024-11-01 01:52:42,dynamic,cars
2024-11-01 01:52:46,dynamic,cars
2024-11-01 01:52:49,dynamic,cars
2024-11-01 01:52:52,dynamic,cars
2024-11-01 01:52:56,dynamic,cars
2024-11-01 01:52:59,dynamic,cars
2024-11-01 01:53:02,dynamic,cars
2024-11-01 01:53:06,dynamic,cars
2024-11-01 01:53:09,dynamic,cars
2024-11-01 01:53:12,dynamic,cars
2024-11-01 01:53:15,dynamic,cars
2024-11-01 01:53:19,dynamic,cars
2024-11-01 01:53:22,dynamic,cars
2024-11-01 01:53:25,dynamic,cars
2024-11-01 01:53:29,dynamic,cars
2024-11-01 01:53:32,dynamic,cars
2024-11-01 01:53:35,dynamic,cars
2024-11-01 01:53:39,dynamic,cars
2024-11-01 01:53:42,dynamic,cars
2024-11-01 01:53:45,dynamic,cars
2024-11-01 01:53:48,dynamic,cars
2024-11-01 01:53:52,dynamic,cars
2024-11-01 01:53:55,dynamic,cars
2024-11-01 01:53:58,dynamic,cars
2024-11-01 01:54:02,dynamic,cars
2024-11-01 01:54:05,dynamic,cars
2024-11-01 01:54:08,dynamic,cars
2024-11-01 01:54:12,dynamic,cars
2024-11-01 01:54:15,dynamic,cars
2024-11-01 01:54:18,dynamic,cars
2024-11-01 01:54:22,dynamic,cars
2024-11-01 01:54:25,dynamic,cars
2024-11-01 01:54:28,dynamic,cars
2024-11-01 01:54:31,dynamic,cars
2024-11-01 01:54:50,dynamic,cars
2024-11-01 01:55:14,dynamic,cars
2024-11-01 01:55:35,dynamic,bus
2024-11-01 01:55:46,dynamic,cars
2024-11-01 01:56:10,dynamic,cars
2024-11-01 01:56:31,dynamic,bus
2024-11-01 01:56:50,SOLVED,captcha solved
